﻿<?xml version="1.0" encoding="utf-8"?>
<Ledgers>
  <Ledger Id="1">
    <Name>BDB EXPORT (P) LTD SRI BIJAYNAGAR(RAJ.)</Name>
    <PhoneNo></PhoneNo>
    <Email></Email>
    <PanNo></PanNo>
    <SaleTaxNo></SaleTaxNo>
    <TinNo>08833651370</TinNo>
  </Ledger>
  <Ledger Id="2">
    <Name>U.B. COTTON PVT LTD</Name>
    <PhoneNo />
    <Email />
    <PanNo />
    <SaleTaxNo />
    <TinNo>08283407475</TinNo>
  </Ledger>
  <Ledger Id="3">
    <Name>CHANDERBHAN JUGALKISHORE</Name>
    <PhoneNo></PhoneNo>
    <Email></Email>
    <PanNo></PanNo>
    <SaleTaxNo></SaleTaxNo>
    <TinNo></TinNo>
  </Ledger>
  <Ledger Id="4">
    <Name>JAKHAR INDUSTRIES</Name>
    <PhoneNo />
    <Email />
    <PanNo />
    <SaleTaxNo />
    <TinNo />
  </Ledger>
  <Ledger Id="5">
    <Name>PREM COTTON GINNING FACTORY</Name>
    <PhoneNo />
    <Email />
    <PanNo />
    <SaleTaxNo />
    <TinNo />
  </Ledger>
  <Ledger Id="6">
    <Name>HARA-HER HYGIENE PVT LTD</Name>
    <PhoneNo />
    <Email />
    <PanNo />
    <SaleTaxNo />
    <TinNo>27320268850</TinNo>
  </Ledger>
  <Ledger Id="7">
    <Name>COTEX SURGICAL</Name>
    <PhoneNo />
    <Email />
    <PanNo />
    <SaleTaxNo />
    <TinNo />
  </Ledger>
  <Ledger Id="8">
    <Name>RAJASTHAN COTTON &amp; GENERAL MILLS</Name>
    <PhoneNo />
    <Email />
    <PanNo />
    <SaleTaxNo />
    <TinNo />
  </Ledger>
</Ledgers>