﻿<?xml version="1.0" encoding="utf-8"?>
<Transactions>
  <Transaction Id="1">
    <Serial>1</Serial>
    <Date>2011-06-01T00:00:00</Date>
    <Seller>PREM COTTON GINNING FACTORY</Seller>
    <Station>GOLUWALA</Station>
    <Bales>75</Bales>
    <Quality>Deshi GATP Opener</Quality>
    <RatePerMound>4955</RatePerMound>
    <RatePerQuintal>13275.4360</RatePerQuintal>
    <Condition>FP : DUE AFTER 10 DAYS</Condition>
    <PaymentDate>2011-06-11T00:00:00</PaymentDate>
    <Broker>NIHAL CHAND</Broker>
    <BrokeragePaid></BrokeragePaid>
    <Amount>1665270.691840</Amount>
    <Buyer>BDB EXPORT (P) LTD SRI BIJAYNAGAR(RAJ.)</Buyer>
    <PressSerialFrom>18019</PressSerialFrom>
    <PressSerialTo>18093</PressSerialTo>
    <PressMark>R-89</PressMark>
    <GrossWeight>127.54</GrossWeight>
    <LessTear>1.80</LessTear>
    <LessSample>0</LessSample>
    <LessDamage>0.30</LessDamage>
    <NetWeight>125.44</NetWeight>
    <DespatchDate>2011-06-11T00:00:00</DespatchDate>
    <GRNo></GRNo>
    <Invoice Id="1">
      <InvoiceNo>RD-1-11-12</InvoiceNo>
      <InvoiceDate>2011-06-11T00:00:00</InvoiceDate>
      <TinNo>08833651370</TinNo>
      <PhoneNo></PhoneNo>
      <TruckNo />
      <Source />
      <Destination />
      <InvoiceAmount>1757276.89756416</InvoiceAmount>
      <CommissionRate>0.50</CommissionRate>
      <CommissionAmount>8326.35345920</CommissionAmount>
      <VatRate>5</VatRate>
      <VatAmount>83679.85226496</VatAmount>
    </Invoice>
    <DebitNote Id="1">
      <DebitNoteNo>1</DebitNoteNo>
      <DebitNoteDate>2011-06-11T00:00:00</DebitNoteDate>
      <CommissionRate></CommissionRate>
      <CommissionAmount></CommissionAmount>
      <CharityRate></CharityRate>
      <CharityAmount></CharityAmount>
      <BrokerageRate>0.10</BrokerageRate>
      <BrokerageAmount>1748.95054410496</BrokerageAmount>
      <Postage></Postage>
      <PostageCost></PostageCost>
      <CottonDeliveryExpRate>4</CottonDeliveryExpRate>
      <CottonDeliveryExpAmount>300</CottonDeliveryExpAmount>
      <JafferyActual></JafferyActual>
      <JafferyActualCost></JafferyActualCost>
      <MarkingRate>1</MarkingRate>
      <MarkingAmount>75</MarkingAmount>
      <SampleCutting>1</SampleCutting>
      <SampleCuttingCost>60</SampleCuttingCost>
      <CartagePlatformRate></CartagePlatformRate>
      <CartagePlatformAmount></CartagePlatformAmount>
      <StackingRate></StackingRate>
      <StackingAmount></StackingAmount>
      <KatlaExp></KatlaExp>
      <KatlaExpRate></KatlaExpRate>
      <KatlaExpAmount></KatlaExpAmount>
      <CartageFactoryRate></CartageFactoryRate>
      <CartageFactoryAmount></CartageFactoryAmount>
      <StationExpRate></StationExpRate>
      <StationExpAmount></StationExpAmount>
      <TruckLoadingRate>13</TruckLoadingRate>
      <TruckLoadingAmount>975</TruckLoadingAmount>
      <BankChargeRate></BankChargeRate>
      <BankChargeAmount></BankChargeAmount>
      <GodownRentFrom></GodownRentFrom>
      <GodownRentTo></GodownRentTo>
      <GodownRentCost></GodownRentCost>
      <StockInsurance></StockInsurance>
      <StockInsuranceCost></StockInsuranceCost>
      <FreightFrom></FreightFrom>
      <FreightTo></FreightTo>
      <FreightCost></FreightCost>
      <CarringChargesOn></CarringChargesOn>
      <CarringChargesFrom></CarringChargesFrom>
      <CarringChargesTo></CarringChargesTo>
      <CarringChargesRate></CarringChargesRate>
      <CarringChargesAmount></CarringChargesAmount>
      <DebitNoteTotal>3158.95054410496</DebitNoteTotal>
    </DebitNote>
    <PressDate>2011-04-02T00:00:00</PressDate>
    <LotNo></LotNo>
    <DueDate>2011-06-11T00:00:00</DueDate>
  </Transaction>
  <Transaction Id="2">
    <Serial>2</Serial>
    <Date>2011-06-01T00:00:00</Date>
    <Seller>JAKHAR INDUSTRIES</Seller>
    <Station>GOLUWALA</Station>
    <Bales>75</Bales>
    <Quality>Deshi GATP Opener</Quality>
    <RatePerMound>4950</RatePerMound>
    <RatePerQuintal>13262.0400</RatePerQuintal>
    <Condition>FP : DUE AFTER 10 DAYS</Condition>
    <PaymentDate>2011-06-11T00:00:00</PaymentDate>
    <Broker>NIHAL CHAND</Broker>
    <BrokeragePaid></BrokeragePaid>
    <Amount>1643166.7560000</Amount>
    <Buyer>BDB EXPORT (P) LTD SRI BIJAYNAGAR(RAJ.)</Buyer>
    <PressSerialFrom>15891</PressSerialFrom>
    <PressSerialTo>15965</PressSerialTo>
    <PressMark>NEWJAKHAR</PressMark>
    <GrossWeight>128.133</GrossWeight>
    <LessTear>1.903</LessTear>
    <LessSample>0</LessSample>
    <LessDamage>2.33</LessDamage>
    <NetWeight>123.900</NetWeight>
    <DespatchDate>2011-06-11T00:00:00</DespatchDate>
    <GRNo></GRNo>
    <Invoice Id="2">
      <InvoiceNo>RD-2-11-12</InvoiceNo>
      <InvoiceDate>2011-06-11T00:00:00</InvoiceDate>
      <TinNo>08833651370</TinNo>
      <PhoneNo></PhoneNo>
      <TruckNo />
      <Source />
      <Destination />
      <InvoiceAmount>1733951.719269000</InvoiceAmount>
      <CommissionRate>0.50</CommissionRate>
      <CommissionAmount>8215.833780000</CommissionAmount>
      <VatRate>5</VatRate>
      <VatAmount>82569.129489000</VatAmount>
    </Invoice>
    <DebitNote Id="2">
      <DebitNoteNo>2</DebitNoteNo>
      <DebitNoteDate>2011-06-11T00:00:00</DebitNoteDate>
      <CommissionRate />
      <CommissionAmount />
      <CharityRate />
      <CharityAmount />
      <BrokerageRate>0.10</BrokerageRate>
      <BrokerageAmount>1725.73588548900</BrokerageAmount>
      <Postage />
      <PostageCost />
      <CottonDeliveryExpRate>4</CottonDeliveryExpRate>
      <CottonDeliveryExpAmount>300</CottonDeliveryExpAmount>
      <JafferyActual />
      <JafferyActualCost />
      <MarkingRate>1</MarkingRate>
      <MarkingAmount>75</MarkingAmount>
      <SampleCutting>1</SampleCutting>
      <SampleCuttingCost>60</SampleCuttingCost>
      <CartagePlatformRate />
      <CartagePlatformAmount />
      <StackingRate />
      <StackingAmount />
      <KatlaExp />
      <KatlaExpRate />
      <KatlaExpAmount />
      <CartageFactoryRate />
      <CartageFactoryAmount />
      <StationExpRate />
      <StationExpAmount />
      <TruckLoadingRate>13</TruckLoadingRate>
      <TruckLoadingAmount>975</TruckLoadingAmount>
      <BankChargeRate />
      <BankChargeAmount />
      <GodownRentFrom />
      <GodownRentTo />
      <GodownRentCost />
      <StockInsurance />
      <StockInsuranceCost />
      <FreightFrom />
      <FreightTo />
      <FreightCost />
      <CarringChargesOn />
      <CarringChargesFrom />
      <CarringChargesTo />
      <CarringChargesRate />
      <CarringChargesAmount />
      <DebitNoteTotal>3135.73588548900</DebitNoteTotal>
    </DebitNote>
    <PressDate>2011-06-02T00:00:00</PressDate>
    <LotNo></LotNo>
    <DueDate>2011-06-11T00:00:00</DueDate>
  </Transaction>
  <Transaction Id="3">
    <Serial>3</Serial>
    <Date>2011-06-07T00:00:00</Date>
    <Seller>PREM COTTON GINNING FACTORY</Seller>
    <Station>GOLUWALA</Station>
    <Bales>75</Bales>
    <Quality>Deshi GATP Opener</Quality>
    <RatePerMound>4805</RatePerMound>
    <RatePerQuintal>12873.5560</RatePerQuintal>
    <Condition>FP : DUE AFTER 10 DAYS</Condition>
    <PaymentDate></PaymentDate>
    <Broker>RAM NIWAS</Broker>
    <BrokeragePaid></BrokeragePaid>
    <Amount></Amount>
    <Buyer>BDB EXPORT (P) LTD SRI BIJAYNAGAR(RAJ.)</Buyer>
    <PressSerialFrom></PressSerialFrom>
    <PressSerialTo></PressSerialTo>
    <PressMark></PressMark>
    <GrossWeight></GrossWeight>
    <LessTear></LessTear>
    <LessSample></LessSample>
    <LessDamage></LessDamage>
    <NetWeight></NetWeight>
    <DespatchDate></DespatchDate>
    <GRNo></GRNo>
    <Invoice Id="3" />
    <DebitNote Id="3" />
    <PressDate></PressDate>
    <LotNo></LotNo>
    <DueDate></DueDate>
  </Transaction>
  <Transaction Id="4">
    <Serial>4</Serial>
    <Date>2011-06-08T00:00:00</Date>
    <Seller>CHANDERBHAN JUGALKISHORE</Seller>
    <Station>GOLUWALA</Station>
    <Bales>75</Bales>
    <Quality>Deshi GATP Opener</Quality>
    <RatePerMound>4750</RatePerMound>
    <RatePerQuintal>12726.2000</RatePerQuintal>
    <Condition>FP : DUE AFTER 10 DAYS</Condition>
    <PaymentDate></PaymentDate>
    <Broker>NIHAL CHAND</Broker>
    <BrokeragePaid></BrokeragePaid>
    <Amount></Amount>
    <Buyer>BDB EXPORT (P) LTD SRI BIJAYNAGAR(RAJ.)</Buyer>
    <PressSerialFrom></PressSerialFrom>
    <PressSerialTo></PressSerialTo>
    <PressMark></PressMark>
    <GrossWeight></GrossWeight>
    <LessTear></LessTear>
    <LessSample></LessSample>
    <LessDamage></LessDamage>
    <NetWeight></NetWeight>
    <DespatchDate></DespatchDate>
    <GRNo></GRNo>
    <Invoice Id="4" />
    <DebitNote Id="4" />
    <PressDate></PressDate>
    <LotNo></LotNo>
    <DueDate></DueDate>
  </Transaction>
  <Transaction Id="5">
    <Serial>5</Serial>
    <Date>2011-06-19T00:00:00</Date>
    <Seller>RAJASTHAN COTTON &amp; GENERAL MILLS</Seller>
    <Station>SURATGARH</Station>
    <Bales>60</Bales>
    <Quality>Deshi MP</Quality>
    <RatePerMound>4550</RatePerMound>
    <RatePerQuintal>12190.3600</RatePerQuintal>
    <Condition>FP : DUE AFTER 10 DAYS</Condition>
    <PaymentDate />
    <Broker>NIHAL CHAND</Broker>
    <BrokeragePaid />
    <Amount />
    <Buyer>COTEX SURGICAL</Buyer>
    <PressSerialFrom />
    <PressSerialTo />
    <PressMark />
    <GrossWeight />
    <LessTear />
    <LessSample />
    <LessDamage />
    <NetWeight />
    <DespatchDate />
    <GRNo />
    <Invoice Id="5" />
    <DebitNote Id="5" />
    <PressDate />
    <LotNo />
    <DueDate />
  </Transaction>
  <Transaction Id="6">
    <Serial>6</Serial>
    <Date>2011-06-19T00:00:00</Date>
    <Seller>RAJASTHAN COTTON &amp; GENERAL MILLS</Seller>
    <Station>SURATGARH</Station>
    <Bales>75</Bales>
    <Quality>Deshi MP</Quality>
    <RatePerMound>4550</RatePerMound>
    <RatePerQuintal>12190.3600</RatePerQuintal>
    <Condition>FP : DUE AFTER 10 DAYS</Condition>
    <PaymentDate></PaymentDate>
    <Broker>NIHAL CHAND</Broker>
    <BrokeragePaid></BrokeragePaid>
    <Amount></Amount>
    <Buyer>BDB EXPORT (P) LTD SRI BIJAYNAGAR(RAJ.)</Buyer>
    <PressSerialFrom></PressSerialFrom>
    <PressSerialTo></PressSerialTo>
    <PressMark></PressMark>
    <GrossWeight></GrossWeight>
    <LessTear></LessTear>
    <LessSample></LessSample>
    <LessDamage></LessDamage>
    <NetWeight></NetWeight>
    <DespatchDate></DespatchDate>
    <GRNo></GRNo>
    <Invoice Id="6" />
    <DebitNote Id="6" />
    <PressDate></PressDate>
    <LotNo></LotNo>
    <DueDate></DueDate>
  </Transaction>
  <Transaction Id="7">
    <Serial>7</Serial>
    <Date>2011-06-21T00:00:00</Date>
    <Seller>CHANDERBHAN JUGALKISHORE</Seller>
    <Station>GOLUWALA</Station>
    <Bales>90</Bales>
    <Quality>Narma R/G</Quality>
    <RatePerMound>3610</RatePerMound>
    <RatePerQuintal>9671.9120</RatePerQuintal>
    <Condition>FP : DUE AFTER 10 DAYS</Condition>
    <PaymentDate />
    <Broker>NIHAL CHAND</Broker>
    <BrokeragePaid />
    <Amount />
    <Buyer>HARA-HER HYGIENE PVT LTD</Buyer>
    <PressSerialFrom />
    <PressSerialTo />
    <PressMark />
    <GrossWeight />
    <LessTear />
    <LessSample />
    <LessDamage />
    <NetWeight />
    <DespatchDate />
    <GRNo />
    <Invoice Id="7" />
    <DebitNote Id="7" />
    <PressDate />
    <LotNo />
    <DueDate />
  </Transaction>
</Transactions>